Label,Precision,Recall,F1-Score,Support
1,0.9949917969087299,0.9851243908694537,0.9900335080333362,11697
2,0.888996138996139,0.9978331527627302,0.9402756508422665,923
3,0.9643293427803568,0.947204223662107,0.9556900726392252,4167
4,0.9761562769319161,0.9898048354209147,0.9829331790569859,6866
5,0.9576771653543307,0.9808467741935484,0.9691235059760956,992
6,0.9112008072653885,0.9858078602620087,0.9470372312532774,916
7,0.9804456971725535,0.9763178668537847,0.978377428144502,11401
